epoch,time,train/box_loss,train/pose_loss,train/kobj_loss,train/cls_loss,train/l1_loss,train/rle_loss,metrics/precision(B),metrics/recall(B),metrics/mAP50(B),metrics/mAP50-95(B),metrics/precision(P),metrics/recall(P),metrics/mAP50(P),metrics/mAP50-95(P),val/box_loss,val/pose_loss,val/kobj_loss,val/cls_loss,val/l1_loss,val/rle_loss,lr/pg0,lr/pg1,lr/pg2
1,30.6947,1.91669,7.85417,0.77009,1.68228,0.04636,25.3243,0.99378,0.985,0.99312,0.49919,0.06409,0.06,0.00525,0.00059,1.74316,6.82547,0.86141,0.48801,0.07137,0,0.000652778,0.000652778,0.000652778
2,51.4521,1.53565,4.21756,0.65029,0.57451,0.03458,11.6272,0.999,0.985,0.9949,0.59421,0.63079,0.64,0.41016,0.0903,1.43215,3.89871,0.72363,0.38435,0.05967,0,0.00130312,0.00130312,0.00130312
3,71.9915,1.66586,2.65314,0.58417,0.61422,0.03744,8.11105,0.94696,0.935,0.92033,0.47484,0.8737,0.86468,0.78615,0.28023,1.68604,2.46904,0.75587,0.42742,0.06701,0,0.00193695,0.00193695,0.00193695
4,93.9417,1.51927,2.27581,0.53691,0.56594,0.03422,7.41547,1,0.99995,0.995,0.52407,0.16441,0.175,0.03894,0.00782,1.66997,5.74785,0.75336,0.39168,0.07396,0,0.00192575,0.00192575,0.00192575
5,113.859,1.48392,2.00478,0.51042,0.55968,0.03279,6.44389,0.93737,0.98,0.98249,0.56414,0.80765,0.845,0.74601,0.26558,1.51599,2.66341,0.53206,0.44874,0.06412,0,0.001901,0.001901,0.001901
6,135.385,1.40238,1.97188,0.50408,0.55095,0.03096,6.18926,0.99844,0.985,0.99475,0.67924,0.97302,0.96,0.96918,0.68012,1.17414,1.03593,0.54397,0.29664,0.04656,0,0.00187625,0.00187625,0.00187625
7,156.886,1.40493,1.7404,0.46958,0.52168,0.03181,5.84437,0.9878,0.99,0.9948,0.61917,0.96276,0.965,0.96535,0.6855,1.38979,1.08309,0.60445,0.3314,0.05985,0,0.0018515,0.0018515,0.0018515
8,178.405,1.30991,1.67581,0.47185,0.47508,0.02855,5.25562,0.99928,0.99,0.99485,0.65109,0.98652,0.99,0.99475,0.68904,1.22689,0.99191,0.61842,0.3013,0.04887,0,0.00182675,0.00182675,0.00182675
9,199.895,1.33605,1.53944,0.46653,0.49944,0.02946,4.92716,0.96613,0.99849,0.99421,0.66371,0.95646,0.98849,0.98122,0.70905,1.17278,1.0098,0.58699,0.31535,0.04708,0,0.001802,0.001802,0.001802
10,221.444,1.25993,1.51754,0.45272,0.48587,0.02797,5.07802,0.98517,0.99625,0.99419,0.68085,0.96045,0.97149,0.97094,0.70368,1.12309,1.05474,0.55383,0.2871,0.04531,0,0.00177725,0.00177725,0.00177725
11,243.322,1.23998,1.39069,0.45184,0.45197,0.027,4.69503,0.99497,0.98926,0.99432,0.61174,0.97486,0.96933,0.96143,0.60046,1.39736,1.26108,0.63699,0.33557,0.0568,0,0.0017525,0.0017525,0.0017525
12,264.95,1.19857,1.35854,0.44436,0.45487,0.02605,4.50819,0.97492,0.97168,0.99181,0.64932,0.95987,0.95684,0.96317,0.68358,1.23802,1.05915,0.58994,0.36006,0.04979,0,0.00172775,0.00172775,0.00172775
13,286.488,1.17013,1.34812,0.44197,0.44215,0.02518,4.42383,0.97,0.975,0.99123,0.73618,0.95002,0.955,0.96586,0.74585,0.91961,0.82227,0.60747,0.28011,0.03645,0,0.001703,0.001703,0.001703
14,308.299,1.23356,1.28882,0.4392,0.4478,0.02656,4.34488,1,0.98439,0.99495,0.59784,0.88169,0.89,0.83433,0.31518,1.45866,2.41346,0.57413,0.34295,0.06133,0,0.00167825,0.00167825,0.00167825
15,330.24,1.15543,1.29681,0.42609,0.44546,0.02504,4.31473,0.98789,0.995,0.99388,0.63386,0.96803,0.975,0.96565,0.63787,1.26647,1.19538,0.60739,0.31368,0.05086,0,0.0016535,0.0016535,0.0016535
16,351.738,1.1492,1.2365,0.41387,0.42436,0.02469,3.99619,0.98843,0.98,0.99346,0.59935,0.9733,0.965,0.98174,0.69286,1.44929,1.04449,0.62041,0.37357,0.05807,0,0.00162875,0.00162875,0.00162875
17,373.207,1.14228,1.28738,0.41349,0.4166,0.02445,4.02806,0.98018,0.98895,0.99256,0.72813,0.97027,0.97895,0.97864,0.76244,0.98521,0.77108,0.64339,0.34175,0.0395,0,0.001604,0.001604,0.001604
18,394.672,1.11608,1.20789,0.41121,0.43271,0.0239,4.09634,0.98511,0.99237,0.9947,0.64445,0.96526,0.97237,0.96463,0.62099,1.26719,1.22399,0.54114,0.33603,0.05087,0,0.00157925,0.00157925,0.00157925
19,416.166,1.13952,1.19743,0.39717,0.42436,0.0252,4.41365,0.98019,0.98937,0.99446,0.72977,0.96037,0.96937,0.97146,0.76181,0.94217,0.7614,0.56544,0.25793,0.03771,0,0.0015545,0.0015545,0.0015545
20,437.666,1.13453,1.2302,0.39166,0.42075,0.02443,4.27582,0.99963,1,0.995,0.64627,0.99463,0.995,0.99395,0.62083,1.25414,1.19768,0.61569,0.29433,0.04995,0,0.00152975,0.00152975,0.00152975
21,459.112,1.1735,1.2269,0.39295,0.43566,0.02605,4.04285,0.95869,0.995,0.99008,0.68691,0.94892,0.985,0.97739,0.75014,1.15591,0.84744,0.53409,0.31024,0.04875,0,0.001505,0.001505,0.001505
22,480.657,1.11476,1.13004,0.37826,0.42239,0.02395,3.67645,0.97522,0.98403,0.99416,0.70597,0.96036,0.96908,0.98127,0.73667,1.03169,0.85409,0.55583,0.27656,0.04145,0,0.00148025,0.00148025,0.00148025
23,502.105,1.13289,1.13468,0.37415,0.43244,0.02466,3.66672,0.98948,0.995,0.9941,0.73118,0.9695,0.975,0.9713,0.7602,0.96947,0.79052,0.52372,0.26972,0.03846,0,0.0014555,0.0014555,0.0014555
24,523.578,1.04436,1.1447,0.37251,0.41217,0.02202,3.41922,0.98549,0.995,0.9948,0.65699,0.97063,0.98,0.98295,0.65869,1.26278,1.1132,0.57061,0.32688,0.05214,0,0.00143075,0.00143075,0.00143075
25,545.087,1.04858,1.08399,0.37033,0.39943,0.02242,3.43628,0.99922,0.995,0.995,0.68087,0.97914,0.975,0.9608,0.75443,1.14926,0.803,0.58643,0.2738,0.04478,0,0.001406,0.001406,0.001406
26,566.568,1.08158,1.1389,0.36082,0.42407,0.02298,3.4813,0.99496,0.99,0.99445,0.65433,0.97985,0.975,0.97298,0.72735,1.26233,0.95299,0.54749,0.30055,0.05057,0,0.00138125,0.00138125,0.00138125
27,588.108,1.06602,1.05953,0.34866,0.38651,0.02283,3.28261,0.98985,1,0.9949,0.73284,0.97495,0.985,0.98306,0.77468,0.9791,0.78902,0.54989,0.24543,0.03864,0,0.0013565,0.0013565,0.0013565
28,609.642,1.06396,1.01229,0.35225,0.41978,0.02244,3.81669,0.99816,0.995,0.995,0.74212,0.98812,0.985,0.98424,0.761,0.95376,0.83302,0.57128,0.23817,0.03785,0,0.00133175,0.00133175,0.00133175
29,631.259,0.9974,1.01367,0.35035,0.39444,0.02099,3.52151,1,0.99379,0.995,0.74746,0.98994,0.98379,0.9843,0.78532,0.89782,0.7549,0.48902,0.23099,0.0353,0,0.001307,0.001307,0.001307
30,652.809,1.02009,1.06237,0.34174,0.3866,0.02159,3.44717,0.99985,1,0.995,0.75778,0.98465,0.985,0.98092,0.75591,0.92071,0.78236,0.46521,0.23029,0.03684,0,0.00128225,0.00128225,0.00128225
31,674.353,0.98219,0.97208,0.33947,0.36484,0.02111,2.91832,0.99927,1,0.995,0.74948,0.98425,0.985,0.98356,0.81594,0.8906,0.73796,0.4574,0.23273,0.03553,0,0.0012575,0.0012575,0.0012575
32,695.922,1.00918,1.0659,0.34239,0.38182,0.02172,3.25807,1,0.99996,0.995,0.6899,0.985,0.98498,0.98266,0.76311,1.12082,0.81129,0.52978,0.26531,0.04481,0,0.00123275,0.00123275,0.00123275
33,717.455,0.99938,1.01981,0.33609,0.38483,0.02179,3.05862,0.99502,0.99935,0.99495,0.63264,0.98009,0.98435,0.97985,0.6926,1.23131,1.02337,0.45618,0.30238,0.0507,0,0.001208,0.001208,0.001208
34,739,0.97679,0.95833,0.34407,0.36072,0.02081,2.7696,0.98467,0.99,0.99429,0.74348,0.9797,0.985,0.98409,0.7722,0.93843,0.81521,0.5121,0.2442,0.03734,0,0.00118325,0.00118325,0.00118325
35,760.583,0.96155,0.94611,0.33301,0.36623,0.01999,2.7709,0.99502,0.99996,0.99495,0.77946,0.98507,0.99,0.98424,0.80034,0.84809,0.72705,0.44601,0.21901,0.03353,0,0.0011585,0.0011585,0.0011585
36,782.192,0.98055,0.96898,0.33106,0.37878,0.02088,2.69549,1,0.99961,0.995,0.68628,0.98499,0.98463,0.98356,0.75218,1.15759,0.85637,0.47654,0.28716,0.04604,0,0.00113375,0.00113375,0.00113375
37,803.814,1.00736,0.92145,0.33165,0.37507,0.0215,3.22212,0.98875,1,0.99495,0.72532,0.97883,0.99,0.98397,0.7425,0.98911,0.87944,0.59213,0.25254,0.03929,0,0.001109,0.001109,0.001109
38,825.348,0.94228,0.91846,0.33036,0.37021,0.0195,2.66947,0.99005,0.99473,0.9944,0.79031,0.9801,0.98479,0.9838,0.80653,0.81609,0.68702,0.4659,0.23157,0.03218,0,0.00108425,0.00108425,0.00108425
39,846.874,0.91487,0.89994,0.3333,0.36735,0.01924,2.60549,0.99502,0.99993,0.99495,0.7624,0.98507,0.98993,0.98343,0.81617,0.89462,0.6658,0.50438,0.23079,0.03536,0,0.0010595,0.0010595,0.0010595
40,868.412,0.9694,0.96165,0.32379,0.38018,0.01992,2.62444,0.99495,0.98438,0.9946,0.68967,0.98484,0.97458,0.98321,0.77136,1.1093,0.80458,0.56222,0.29617,0.0436,0,0.00103475,0.00103475,0.00103475
41,889.957,0.93518,0.88145,0.32486,0.34591,0.01964,2.51281,0.97511,0.9793,0.9924,0.70919,0.9652,0.97089,0.98194,0.77129,1.06187,0.78139,0.54682,0.29612,0.04231,0,0.00101,0.00101,0.00101
42,910.379,0.94669,0.95824,0.31932,0.35914,0.01994,2.52683,0.99567,0.985,0.99485,0.66593,0.98546,0.975,0.98399,0.74728,1.16166,0.84758,0.48074,0.29687,0.04733,0,0.00098525,0.00098525,0.00098525
43,931.978,0.89975,0.87076,0.32062,0.37784,0.01874,2.41844,0.99839,0.985,0.9948,0.7745,0.98261,0.97,0.98256,0.80341,0.85702,0.71667,0.49229,0.23113,0.0338,0,0.0009605,0.0009605,0.0009605
44,953.527,0.8964,0.81222,0.31854,0.34098,0.01866,2.15955,0.99499,0.99332,0.9949,0.75303,0.97997,0.97832,0.98054,0.81654,0.92153,0.65815,0.49102,0.24608,0.03638,0,0.00093575,0.00093575,0.00093575
45,975.074,0.93172,0.87573,0.30958,0.3568,0.01988,2.7119,0.96969,0.995,0.99421,0.71989,0.95009,0.975,0.96431,0.79294,1.01757,0.69581,0.49184,0.27561,0.04013,0,0.000911,0.000911,0.000911
46,996.604,0.91653,0.8417,0.31337,0.35538,0.01922,2.43137,0.99502,0.99919,0.995,0.55715,0.98506,0.98922,0.98397,0.66,1.57429,1.07334,0.52509,0.38639,0.06605,0,0.00088625,0.00088625,0.00088625
47,1018.1,0.96367,0.85482,0.31434,0.35834,0.02007,2.80501,0.99792,0.995,0.995,0.74352,0.98288,0.98,0.9836,0.78622,0.93329,0.76363,0.50079,0.24238,0.03691,0,0.0008615,0.0008615,0.0008615
48,1039.68,0.89365,0.85829,0.31726,0.33973,0.01874,2.28267,0.99921,1,0.995,0.74594,0.98922,0.99,0.98465,0.81316,0.97212,0.6968,0.48933,0.2331,0.03801,0,0.00083675,0.00083675,0.00083675
49,1061.23,0.91417,0.85361,0.31291,0.33795,0.01919,2.50124,0.99502,0.9993,0.99495,0.76999,0.98009,0.9843,0.97987,0.79467,0.86078,0.71839,0.4511,0.21669,0.03429,0,0.000812,0.000812,0.000812
50,1082.8,0.88894,0.82848,0.31249,0.35729,0.01874,2.19854,1,0.99959,0.995,0.73993,0.99,0.98959,0.98449,0.77694,0.95554,0.76891,0.43459,0.23758,0.0381,0,0.00078725,0.00078725,0.00078725
51,1104.36,0.85643,0.84859,0.31262,0.35147,0.01772,2.16671,0.99278,0.99,0.9948,0.70761,0.97746,0.975,0.97875,0.76411,1.02465,0.78758,0.48457,0.26611,0.04139,0,0.0007625,0.0007625,0.0007625
52,1125.87,0.852,0.85463,0.3101,0.33989,0.01772,2.17101,1,0.99965,0.995,0.73712,0.97999,0.97965,0.96921,0.77818,0.92948,0.75072,0.51784,0.23311,0.03665,0,0.00073775,0.00073775,0.00073775
53,1147.4,0.87487,0.80339,0.30385,0.3445,0.01808,2.40654,0.97465,1,0.99455,0.77229,0.96484,0.99,0.98368,0.78729,0.85203,0.70023,0.40888,0.22951,0.03333,0,0.000713,0.000713,0.000713
